{"f1_score": 0.8677763413057531, "balanced_accuracy_score": 0.8646341463414634}